symbol,exchange,timeframe,timestamp,close,price_return_pct,price_return_zscore,oi,oi_change_pct,oi_change_zscore,oi_3bar_change_pct,volume_zscore,volume_3bar_ratio,oi_surge_flag,volume_surge_flag,funding_rate,funding_classification,funding_percentile_90d,sma200,distance_to_sma200_pct,breakout_10_flag,breakout_20_flag,sma200_reclaim_flag,close_near_high,price_impulse,oi_impulse,first_impulse,early_bullish_score,blowoff_risk_score,signal_active,alert_triggered,last_signal_time,notes,forward_return_1_candle,forward_return_3_candles,forward_return_5_candles,max_favorable_excursion,max_adverse_excursion,basis_pct,basis_zscore,basis_percentile_90d,basis_classification,squeeze_setup_score,squeeze_oi_points,squeeze_setup_flag,oi_added_on_down_share,oi_price_divergence_flag,bbw_percentile,coiled_spring_flag,stop_cluster_distance_pct,stop_cluster_strength,squeeze_ignition_flag,short_liq_zscore,taker_buy_ratio_zscore,whale_accum_score,whale_flow_points,whale_accum_flag,whale_pump_flag,taker_buy_share,cvd_slope,top_position_long_pct,global_long_ratio,retail_top_divergence,spot_perp_vol_ratio,spot_led_flag,long_account_ratio,short_account_ratio
BYBIT:AAVEUSDT.P,BYBIT,4h,2026-10-03T08:00:00+00:00,180.68,0.005062023696946083,0.02065130941547864,411684.62,-0.017038461424588647,-1.273056541957093,-0.04038948076534887,-1.581798662128674,0.5293282391172383,False,False,2.618e-05,NEUTRAL,38.15,138.88445,0.3009375779649919,False,False,False,True,False,False,True,20.3,25.1,False,False,,no price impulse; no OI impulse; first impulse; funding NEUTRAL; basis DISCOUNT,,,,,,-0.00050163,-0.39435006251888877,44.0,DISCOUNT,9.3,0.0,False,0.6656704829049311,False,89.0,False,0.03724817356652643,2.0,False,-0.35,-1.14,19.7,0.0,False,False,0.0,0.0,0.6555,0.615,-0.002,0.517,False,0.613,0.387
BYBIT:AAVEUSDT.P,BYBIT,1d,2026-10-03T00:00:00+00:00,180.68,0.006573816155988954,-0.0542550891016484,427353.38,0.06884786439708046,1.8941729764583974,-0.01558176503745412,-1.0648965426756534,1.287834754675861,False,False,0.0001,EXTREME,100.0,100.59395,0.7961318747300408,False,False,False,True,False,True,True,50.3,38.3,False,False,,no price impulse; OI impulse; first impulse; funding EXTREME; basis DISCOUNT,,,,,,-0.00050163,-0.3340924742081454,45.0,DISCOUNT,4.5,0.0,False,0.5301368980328606,False,81.0,False,0.0,0.0,False,0.0,1.7,19.7,0.0,False,False,0.0,0.0,0.6555,0.615,-0.002,0.517,False,0.613,0.387
BYBIT:ADAUSDT.P,BYBIT,4h,2026-10-03T08:00:00+00:00,0.2437,-0.0008200082000819897,-0.18322991795247953,267944588.0,-0.006874376874750121,-0.46282529690786045,-0.05155832380341696,-1.9353508669570378,0.24901499293890555,False,False,0.0001,EXTREME,100.0,0.224679,0.08465855731955374,False,False,False,False,False,False,True,20.0,12.5,False,False,,no price impulse; no OI impulse; first impulse; funding EXTREME; basis FLAT,,,,,,0.0,1.0654509738847664,100.0,FLAT,6.8,0.0,False,0.5257171547932241,False,15.0,True,0.05457529749692247,6.0,False,-0.46,-1.27,8.1,0.0,False,False,0.0,0.0,0.6823,0.6922,0.0455,0.525,False,0.7377,0.2623
BYBIT:ADAUSDT.P,BYBIT,1d,2026-10-03T00:00:00+00:00,0.2437,-0.0024559967253376946,-0.21080883521584606,275591526.0,-0.033389235504171944,-0.9396102126089126,-0.006883417638046341,-2.067623514909931,0.7736027560919576,False,False,-7.047e-05,NEGATIVE,15.16,0.21309699999999998,0.14361065618004965,False,False,False,False,False,False,True,20.0,18.4,False,False,,no price impulse; no OI impulse; first impulse; funding NEGATIVE; basis FLAT; whale accumulation 84,,,,,,0.0,1.2729705344018574,100.0,FLAT,7.5,0.0,False,0.5059194381718882,False,65.0,False,0.061551087402544,2.0,False,0.0,0.04,31.9,16.7,False,False,0.0,0.0,0.6823,0.6922,0.0455,0.525,False,0.7377,0.2623
BYBIT:APTUSDT.P,BYBIT,4h,2026-10-03T08:00:00+00:00,0.7848,-0.004187285877426672,-0.29202740185708226,30960724.11,-0.0035677561375939693,-0.21193299728360174,-0.01661291068966453,-1.2420887896402084,0.41454605987867443,False,False,0.0001,EXTREME,100.0,0.6851835,0.1453866008156941,False,False,False,True,False,False,True,20.0,18.5,False,False,,no price impulse; no OI impulse; first impulse; funding EXTREME; basis FLAT,,,,,,-6.142e-05,1.0482921932603244,72.0,FLAT,7.8,0.0,False,0.7196039188029434,False,8.0,True,0.04854740061162066,1.2303634299591966,False,-0.37,-1.73,9.8,0.5,False,False,0.0,0.0,0.7572,0.6027,0.1425,0.548,False,0.7452,0.2548
BYBIT:APTUSDT.P,BYBIT,1d,2026-10-03T00:00:00+00:00,0.7848,-0.009965939195155649,-0.30763767386925306,31198646.42,0.0158838428343282,0.36345161856592834,0.010296904787894023,-1.250834569573099,1.0014110708655426,False,False,-4.896e-05,NEGATIVE,25.41,0.7561135,0.03793940989018196,False,False,False,False,False,False,True,25.8,10.3,False,False,,no price impulse; no OI impulse; first impulse; funding NEGATIVE; basis FLAT,,,,,,-6.142e-05,0.7277406856302089,76.0,FLAT,0.0,0.0,False,0.6059014871745533,False,92.0,False,0.0,0.0,False,0.0,-1.68,9.0,0.0,False,False,0.0,0.0,0.7572,0.6027,0.1425,0.548,False,0.7452,0.2548
BINANCE:ARBUSDT.P,BINANCE,4h,2026-10-03T08:00:00+00:00,0.19737,0.005399623045183599,0.06303826765870359,293116427.0,0.001346696541679293,0.09271950543715098,0.0033200058999578452,-1.4888543398657248,0.20093623963013038,False,False,-3.66e-06,NEGATIVE,28.89,0.17702215,0.11494522013205688,False,False,False,True,False,False,True,22.5,16.6,False,False,,no price impulse; no OI impulse; first impulse; funding NEGATIVE; basis FLAT,,,,,,-2.673e-05,0.8101976637377778,69.5,FLAT,7.6,0.0,False,0.3169657903810717,False,13.0,True,0.05841819932107217,4.0,False,-0.55,-0.7,5.4,0.0,False,False,0.47082783565391817,-0.043789610698718145,0.652,0.5421,0.0626,0.144,False,0.6047,0.3953
BINANCE:ARBUSDT.P,BINANCE,1d,2026-10-03T00:00:00+00:00,0.19738,0.00791502834090796,-0.054525088897380385,294413040.3,-0.019965415492236738,-0.40203902812494746,-0.005698633485165527,-0.76402549784156,1.2127344291075963,False,False,5.91e-05,NEUTRAL,59.88,0.11081725,0.7811306452740885,False,False,False,False,False,False,True,20.0,29.0,False,False,,no price impulse; no OI impulse; first impulse; funding NEUTRAL; basis FLAT,,,,,,0.0,1.0085061547795116,96.0,FLAT,7.2,0.0,False,0.2992701969004963,False,68.0,False,0.04787719120478262,2.0,False,0.0,0.09,5.4,0.0,False,False,0.46962550875309966,-0.028435903378913815,0.652,0.5421,0.0626,0.144,False,0.6047,0.3953
BINANCE:ATOMUSDT.P,BINANCE,4h,2026-10-03T08:00:00+00:00,1.669,0.0036079374624173877,0.1248566304958679,11341299.24,-0.007412062720285828,-0.6756666966989527,0.015002219414152362,-1.912882567136873,0.39668174281664403,False,False,-2.044e-05,NEGATIVE,40.0,1.6691550000000002,-9.286135799257966e-05,False,False,False,True,False,False,True,22.0,4.9,False,False,,no price impulse; no OI impulse; first impulse; funding NEGATIVE; basis FLAT,,,,,,0.0,0.8721579647133759,100.0,FLAT,6.1,0.0,False,0.4536014514721139,False,23.0,False,0.0724985020970641,6.0,False,-0.47,-2.52,8.4,0.0,False,False,0.5452084337517455,-0.07087079625627998,0.7238,0.5259,0.0655,0.156,False,0.5914,0.4086
BINANCE:ATOMUSDT.P,BINANCE,1d,2026-10-03T00:00:00+00:00,1.668,0.01090909090909098,0.31167731404099813,11354847.8,0.008770673627289005,0.230075700265064,-0.0030076847239719484,-1.3625156392120954,1.0090461826065695,False,False,0.0001,EXTREME,100.0,1.7029699999999999,-0.02053471288396147,False,False,False,False,False,False,True,28.7,7.8,False,False,,no price impulse; no OI impulse; first impulse; funding EXTREME; basis FLAT,,,,,,0.0,1.127253665123829,100.0,FLAT,6.9,0.0,False,0.24498973850896502,False,55.00000000000001,False,0.03177458033573144,1.4287205153027247,False,0.0,1.11,15.0,6.6,False,False,0.4737515081627634,-0.035281634637085155,0.7238,0.5259,0.0655,0.156,False,0.5914,0.4086
BYBIT:AVAXUSDT.P,BYBIT,4h,2026-10-03T08:00:00+00:00,10.891,0.002024105253473296,-0.08929724203031802,7239867.8,0.0025015362508820083,0.04132263506630814,0.004911706692563467,-1.2951830860808005,0.23841330199815725,False,False,0.0001,EXTREME,100.0,8.92085,0.22084778916807268,False,False,False,True,False,False,True,20.7,22.4,False,False,,no price impulse; no OI impulse; first impulse; funding EXTREME; basis DISCOUNT,,,,,,-0.0004672,-0.15523836024953128,47.5,DISCOUNT,20.1,0.0,False,0.7149930782046807,False,1.0,True,0.03626847856027915,8.0,False,-0.54,1.26,18.0,0.0,False,False,0.0,0.0,0.7185,0.7039,0.0508,0.994,False,0.7547,0.2453
BYBIT:AVAXUSDT.P,BYBIT,1d,2026-10-03T00:00:00+00:00,10.89,0.009080800593031846,0.07816976602009629,7269791.1,0.0003692941155650775,-0.06908341888807847,-0.09630163558565596,-1.2911512874552529,0.911719905316516,False,False,-7.84e-05,NEGATIVE,9.02,8.07321,0.34890582556380934,False,False,False,False,False,False,True,21.3,25.5,False,False,,no price impulse; no OI impulse; first impulse; funding NEGATIVE; basis DISCOUNT; whale accumulation 100,,,,,,-0.0004672,-0.11629667893652183,52.5,DISCOUNT,10.8,0.0,False,0.46432904921715706,False,88.0,False,0.08273645546372821,2.0,False,0.0,-2.55,46.6,20.0,False,False,0.0,0.0,0.7185,0.7039,0.0508,0.994,False,0.7547,0.2453
BINANCE:BCHUSD.P,BINANCE,4h,2026-10-03T08:00:00+00:00,310.72,0.00028973376686103336,-0.13622590950745303,73291.0,0.008254116740724404,0.23374221412231821,-0.4504150513283892,-0.6432460213700517,0.13617479700420032,False,False,0.0001,EXTREME,100.0,269.97425000000004,0.15092457891817457,False,False,False,False,False,True,True,23.7,20.7,False,False,,no price impulse; OI impulse; first impulse; funding EXTREME; basis FLAT,,,,,,0.0,0.651721976305176,98.5,FLAT,14.2,0.0,False,0.6533910954166515,False,14.000000000000002,True,0.02336508753861999,4.0,False,-0.14,0.0,0.0,0.0,False,False,0.7928571428571428,-0.08220145620485693,0.0,0.7355,0.0684,0.437,False,0.8039,0.1961
BINANCE:BCHUSD.P,BINANCE,1d,2026-10-03T00:00:00+00:00,310.72,-0.0019272773994603032,-0.160000264789589,73291.0,-0.4504150513283892,-2.0900966961313756,-0.9251224189348097,-0.8536598888428464,0.6822453253393713,False,False,0.0001,EXTREME,100.0,308.00829999999996,0.008803983529015458,False,False,False,False,False,False,True,20.0,4.9,False,False,,no price impulse; no OI impulse; first impulse; funding EXTREME; basis FLAT,,,,,,0.0,1.0496322845972492,100.0,FLAT,2.0,0.0,False,0.5,False,92.0,False,0.0,0.0,False,0.0,0.0,0.0,0.0,False,False,0.5514223194748359,-0.03595106469127301,0.0,0.7355,0.0684,0.437,False,0.8039,0.1961
BYBIT:BNBUSDT.P,BYBIT,4h,2026-10-03T08:00:00+00:00,765.0,0.00026150627615062483,-0.0622533751383947,156899.04999999,-0.004075254789179694,-0.37200163668907066,-0.009740951334879067,-1.5767512281423317,0.20227446792135217,False,False,-0.00011967,NEGATIVE,2.59,744.9245000000001,0.026949711010981536,False,False,False,True,False,False,True,20.0,2.7,False,False,,no price impulse; no OI impulse; first impulse; funding NEGATIVE; basis DISCOUNT,,,,,,-0.00077064,-1.6904462013739543,2.0,DISCOUNT,42.3,0.0,False,0.2453184866153852,False,10.0,True,0.02522875816993464,10.0,False,-0.26,-1.3,21.9,2.5,False,False,0.0,0.0,0.5941,0.6986,0.0411,2.717,True,0.7397,0.2603
BYBIT:BNBUSDT.P,BYBIT,1d,2026-10-03T00:00:00+00:00,765.78,-0.0036690085870414446,-0.3914095554164492,574550.8,-0.001514470434285875,0.05582199983992906,-0.01512611956288834,-1.8061459544039224,0.6964810290530072,False,False,5.155e-05,NEUTRAL,67.66,637.87865,0.20051047326948468,False,False,False,False,False,False,True,12.9,32.4,False,False,,no price impulse; no OI impulse; first impulse; funding NEUTRAL; data fallback via BINANCE; basis PREMIUM,,,,,,0.00029025,-1.5661513035686911,16.5,PREMIUM,6.8,0.0,False,0.16031767655691426,False,48.0,False,0.0204497375225261,1.6992158047643522,False,0.0,-1.58,12.8,0.0,False,False,0.44335560494112214,-0.027756897275569962,0.5941,0.6986,0.0411,2.717,True,0.7397,0.2603
BYBIT:BTCUSDT.P,BYBIT,4h,2026-10-03T08:00:00+00:00,84539.9,0.00035143686797556306,-0.10063699479834197,55734.356,-0.006078851679767516,-0.4121206159422549,-0.03420650149509552,-1.234985829322798,0.15087986772397627,False,False,-3.42e-05,NEGATIVE,1.11,80660.235,0.048098855650494876,False,False,False,False,False,False,True,20.0,4.8,False,False,,no price impulse; no OI impulse; first impulse; funding NEGATIVE; basis DISCOUNT,,,,,,-0.0005938,-1.4662642078625767,5.0,DISCOUNT,38.1,0.0,False,0.15189895152194383,False,41.0,False,0.013677565267997682,5.655968824686875,False,-0.38,-2.42,20.7,0.4,False,False,0.0,0.0,0.6614,0.5479,0.0239,0.281,False,0.5718,0.4282
BYBIT:BTCUSDT.P,BYBIT,1d,2026-10-03T00:00:00+00:00,84539.9,0.0007576125261761213,-0.13528852317426754,56268.618,-0.003704338433251686,-0.13794764343795546,0.011790953712187191,-1.8783508759367338,0.8857102420965873,False,False,-4.579e-05,NEGATIVE,8.61,71427.3165,0.18357939430637837,False,False,False,False,False,False,True,20.0,18.4,False,False,,no price impulse; no OI impulse; first impulse; funding NEGATIVE; basis DISCOUNT,,,,,,-0.0005938,-1.4282507795655588,9.0,DISCOUNT,25.9,0.0,False,0.58303352946023,False,74.0,False,0.033637371229443325,2.0,False,0.0,0.03,36.1,11.2,False,False,0.0,0.0,0.6614,0.5479,0.0239,0.281,False,0.5718,0.4282
BYBIT:DOGEUSDT.P,BYBIT,4h,2026-10-03T08:00:00+00:00,0.09249,-0.001187904967602571,-0.17740853620697894,1404567846.0,-0.0014085900053014688,-0.09291672067871198,-0.046387199364654186,-1.4085567902481608,0.2280208865639476,False,False,-1.159e-05,NEGATIVE,14.44,0.08912640000000001,0.0377396596294699,False,False,False,False,False,False,True,20.0,3.8,False,False,,no price impulse; no OI impulse; first impulse; funding NEGATIVE; basis DISCOUNT,,,,,,-0.00054036,-0.7839760327598955,25.0,DISCOUNT,18.8,0.0,False,0.5150325037407817,False,19.0,False,0.04184236133636077,5.675182256735214,False,-0.33,-0.97,9.9,0.0,False,False,0.0,0.0,0.7926,0.7265,0.0563,0.571,False,0.7828,0.2172
BYBIT:DOGEUSDT.P,BYBIT,1d,2026-10-03T00:00:00+00:00,0.0925,-0.004091300602928616,-0.20117333144139943,1432324937.0,-0.008468244710727713,-0.2964064773101925,-0.018914420492769812,-1.3314930000849519,0.8499864843607098,False,False,-9.414e-05,NEGATIVE,5.33,0.0877714,0.05387404097462278,False,False,False,False,False,False,True,20.0,5.4,False,False,,no price impulse; no OI impulse; first impulse; funding NEGATIVE; basis DISCOUNT,,,,,,-0.00054036,-0.46398670664819636,31.0,DISCOUNT,20.0,0.0,False,0.48004847043771415,False,72.0,False,0.031243243243243235,1.5974266717664498,False,0.0,1.15,9.9,0.0,False,False,0.0,0.0,0.7926,0.7265,0.0563,0.571,False,0.7828,0.2172
BYBIT:DOTUSDT.P,BYBIT,4h,2026-10-03T08:00:00+00:00,1.1497,0.002353966870095814,0.02170892224257883,19407669.1,-0.006493231322829196,-0.5375771064411635,-0.01764209329623434,-2.313863751694897,0.40341899448836555,False,False,7.577e-05,NEUTRAL,26.3,1.0755439999999998,0.06894743497244193,False,False,False,True,False,False,True,20.3,7.0,False,False,,no price impulse; no OI impulse; first impulse; funding NEUTRAL; basis DISCOUNT,,,,,,-0.00065613,-1.202291951717916,10.5,DISCOUNT,13.8,0.0,False,0.6067827476928599,False,31.0,False,0.026006784378533654,1.2856594458321626,False,-0.49,2.83,11.1,0.0,False,False,0.0,0.0,0.6567,0.6326,0.104,0.73,False,0.7366,0.2634
BYBIT:DOTUSDT.P,BYBIT,1d,2026-10-03T00:00:00+00:00,1.1492,-0.0035550160409260068,-0.174482223104498,19939006.2,-0.004129780963460061,-0.16133781712768375,0.020357907094545435,-1.751913590813891,0.7329697972275863,False,False,-0.00018989,NEGATIVE,9.43,1.060268,0.08387690659342728,False,False,False,False,False,False,True,20.0,8.4,False,False,,no price impulse; no OI impulse; first impulse; funding NEGATIVE; basis DISCOUNT,,,,,,-0.00065613,-0.9155106840582082,24.0,DISCOUNT,17.0,0.0,False,0.20211722835263432,False,60.0,False,0.075704838148277,1.827417767691951,False,0.0,0.82,11.1,0.0,False,False,0.0,0.0,0.6567,0.6326,0.104,0.73,False,0.7366,0.2634
BINANCE:ETCUSDT.P,BINANCE,4h,2026-10-03T08:00:00+00:00,8.782,-0.0004552697473252376,-0.1398714355252174,3114595.83,-0.002566107560870834,-0.19549425129011483,-0.019935333707383762,-1.0159265145529117,0.3522991068482558,False,False,0.0001,EXTREME,100.0,8.246995,0.06487272030600244,False,False,False,False,False,False,True,20.0,6.5,False,False,,no price impulse; no OI impulse; first impulse; funding EXTREME; basis DISCOUNT,,,,,,-0.00103108,-2.5299325266148265,3.0,DISCOUNT,24.5,0.0,False,0.37854591091733847,False,10.0,True,0.05921202459576391,4.0,False,-0.5,-0.07,6.0,0.0,False,False,0.5402948384999471,-0.07671815459729488,0.8015,0.5564,0.1001,0.147,False,0.6565,0.3435
BINANCE:ETCUSDT.P,BINANCE,1d,2026-10-03T00:00:00+00:00,8.782,-0.00509799478871642,-0.22307139373444287,3151996.67,-0.022170626156989393,-0.6564990968222478,0.00703518333847275,-0.9196806355582603,1.118903083763114,False,False,0.0001,EXTREME,100.0,7.822360000000001,0.1226790891751337,False,False,False,False,False,False,True,20.0,12.3,False,False,,no price impulse; no OI impulse; first impulse; funding EXTREME; basis DISCOUNT,,,,,,-0.00091618,-1.635092600602125,13.5,DISCOUNT,23.7,0.0,False,0.5138854820974083,False,78.0,False,0.03700751537235236,3.283094883472704,False,0.0,-0.61,26.0,20.0,False,False,0.4551129096911311,-0.0542187996679881,0.8015,0.5564,0.1001,0.147,False,0.6565,0.3435
BYBIT:ETHUSDT.P,BYBIT,4h,2026-10-03T08:00:00+00:00,2678.36,-0.0005522717774195662,-0.19350642466949194,825827.57,0.0017478327039441854,0.05920404309364101,0.005291750686717389,-1.4602597497931045,0.25164468395509054,False,False,2.399e-05,NEUTRAL,26.3,2566.0748,0.043757570901674425,False,False,False,False,False,False,True,20.9,4.8,False,False,,no price impulse; no OI impulse; first impulse; funding NEUTRAL; basis DISCOUNT,,,,,,-0.0005821,-1.2255190355504404,14.0,DISCOUNT,21.7,0.0,False,0.2522790548005387,True,37.0,False,0.01676025627622879,8.686345807030877,False,-0.61,0.2,36.8,13.4,False,False,0.0,0.0,0.6125,0.7452,-0.0565,0.249,False,0.6887,0.3113
BYBIT:ETHUSDT.P,BYBIT,1d,2026-10-03T00:00:00+00:00,2678.36,0.0042029882083871595,-0.04144656429221584,806603.34,-0.0028463266579573654,-0.11363203481139439,0.042111639668279244,-1.9694614070515017,0.9094012896408514,True,False,-3.937e-05,NEGATIVE,9.43,2115.8118,0.26587818443965583,False,False,False,True,False,False,True,20.0,25.0,False,False,,no price impulse; no OI impulse; first impulse; funding NEGATIVE; OI surge 3-bar 4.2%; basis DISCOUNT,,,,,,-0.0005821,-1.063048233542035,18.5,DISCOUNT,21.1,0.0,False,0.3571882078057284,False,47.0,False,0.04798458758344659,2.0,False,0.0,0.22,31.0,9.3,False,False,0.0,0.0,0.6125,0.7452,-0.0565,0.249,False,0.6887,0.3113
KCEX:FARTCOINUSDT.P,KCEX,4h,2026-10-03T08:30:34.185059+00:00,0.0,0.0,0.0,0.0,0.0,0.0,0.0,0.0,0.0,False,False,0.0,UNKNOWN,0.0,0.0,0.0,False,False,False,False,False,False,False,0.0,0.0,False,False,,unsupported symbol or exchange,,,,,,0.0,0.0,0.0,UNKNOWN,0.0,0.0,False,0.0,False,0.0,False,0.0,0.0,False,0.0,0.0,0.0,0.0,False,False,0.0,0.0,0.0,0.0,0.0,0.0,False,0.0,0.0
KCEX:FARTCOINUSDT.P,KCEX,1d,2026-10-03T08:30:34.185184+00:00,0.0,0.0,0.0,0.0,0.0,0.0,0.0,0.0,0.0,False,False,0.0,UNKNOWN,0.0,0.0,0.0,False,False,False,False,False,False,False,0.0,0.0,False,False,,unsupported symbol or exchange,,,,,,0.0,0.0,0.0,UNKNOWN,0.0,0.0,False,0.0,False,0.0,False,0.0,0.0,False,0.0,0.0,0.0,0.0,False,False,0.0,0.0,0.0,0.0,0.0,0.0,False,0.0,0.0
BITGET:FILUSDT.P,BITGET,4h,2026-10-03T08:00:00+00:00,1.0462,0.004030710172744811,0.026992402928813945,13785169.5,-0.00036733238869868234,0.12753967115295733,0.0037290058206465027,-1.4800622680941105,0.329893027339372,False,False,0.0001,EXTREME,100.0,0.9070435,0.15341766960460013,False,False,False,True,False,False,True,22.5,16.4,False,False,,no price impulse; no OI impulse; first impulse; funding EXTREME; data fallback via BYBIT; basis DISCOUNT,,,,,,-0.00061565,-0.6804035746345859,19.5,DISCOUNT,20.9,0.0,False,0.47727648491571756,False,3.0,True,0.0424393041483464,2.0,False,0.0,-1.1,19.4,1.5,False,False,0.0,0.0,0.7596,0.5957,0.0647,1.413,True,0.6604,0.3396
BITGET:FILUSDT.P,BITGET,1d,2026-10-03T00:00:00+00:00,1.0462,0.012778315585672884,0.18764100637248105,13629162.3,0.0202045783367808,0.42953277232868886,-0.003918800901196784,-1.0356443822673722,0.7537438570077623,False,False,3.656e-05,NEUTRAL,53.69,0.8483335,0.23324140800758197,False,False,False,False,False,False,True,29.9,27.6,False,False,,no price impulse; no OI impulse; first impulse; funding NEUTRAL; data fallback via BYBIT; basis DISCOUNT,,,,,,-0.00061565,-0.6168735851280962,30.5,DISCOUNT,7.8,0.0,False,0.7554004208799905,False,87.0,False,0.08306251194800218,1.39608876034883,False,0.0,2.2,17.3,0.0,False,False,0.0,0.0,0.7596,0.5957,0.0647,1.413,True,0.6604,0.3396
BINANCE:SUSDT.P,BINANCE,4h,2026-10-03T08:00:00+00:00,0.03794,0.0034382438508331337,-0.038454251835899254,111612690.0,0.0058508358891220524,0.17973301627273208,0.00015117053667412783,-0.7200477425907291,0.2600151567890677,False,False,3.55e-05,NEUTRAL,24.44,0.03285645,0.15472000170438371,False,False,False,True,False,False,True,22.9,16.7,False,False,,no price impulse; no OI impulse; first impulse; funding NEUTRAL; basis DISCOUNT,,,,,,-0.00055098,-0.79236653293786,17.5,DISCOUNT,11.8,0.0,False,0.38182238616948344,False,23.0,False,0.03900896151818656,1.2809560454102487,False,-0.19,2.38,4.6,0.0,False,False,0.6162734569909969,-0.03130676511131192,0.6534,0.6108,0.075,0.319,False,0.6858,0.3142
BINANCE:SUSDT.P,BINANCE,1d,2026-10-03T00:00:00+00:00,0.03794,0.0005274261603376296,-0.12876906827984627,112514504.0,-0.030419522686133127,-0.45912424763798454,-0.04373897626288159,-0.4812870084635989,0.9637205994576554,False,False,-6.478e-05,NEGATIVE,20.48,0.03405405,0.11411124374340198,False,False,False,False,False,False,True,20.0,11.4,False,False,,no price impulse; no OI impulse; first impulse; funding NEGATIVE; basis DISCOUNT,,,,,,-0.00055098,-0.7980313243401002,21.0,DISCOUNT,15.7,0.0,False,0.37019168378650974,False,81.0,False,0.0,0.0,False,0.0,0.19,4.6,0.0,False,False,0.5371713008684035,-0.03388097354053597,0.6534,0.6108,0.075,0.319,False,0.6858,0.3142
BYBIT:HBARUSDT.P,BYBIT,4h,2026-10-03T08:00:00+00:00,0.10025,0.0009985022466301174,-0.09034598655156775,325378394.0,-0.00092822816949234,-0.08111075731821338,-0.020538079504886064,-0.6573412567685069,0.3763212893320195,False,False,-9.323e-05,NEGATIVE,7.04,0.0856113,0.17099027815253365,False,False,False,False,False,False,True,20.0,17.1,False,False,,no price impulse; no OI impulse; first impulse; funding NEGATIVE; basis DISCOUNT,,,,,,-0.00042565,-0.12700986501171468,45.5,DISCOUNT,15.9,0.0,False,0.3170082963520326,False,28.000000000000004,False,0.06793017456359096,2.0,False,-0.3,-1.11,23.0,0.0,False,False,0.0,0.0,0.7571,0.6147,0.1814,0.585,False,0.7961,0.2039
BYBIT:HBARUSDT.P,BYBIT,1d,2026-10-03T00:00:00+00:00,0.10025,-0.020039100684261957,-0.5653754771175225,330889658.0,-0.15401921529641605,-2.76569495918563,-0.1736963242426467,-0.45958695188957616,2.2234003754379597,False,False,-9.26e-05,NEGATIVE,9.43,0.08175465000000001,0.2262299453303267,False,False,False,False,False,False,True,20.0,22.6,False,False,,no price impulse; no OI impulse; first impulse; funding NEGATIVE; basis DISCOUNT; whale accumulation 100,,,,,,-0.00042565,0.059831833433572165,58.5,DISCOUNT,12.4,0.0,False,0.5435682611928917,False,95.0,False,0.010773067331670827,1.0,False,0.0,-1.02,51.6,20.0,False,False,0.0,0.0,0.7571,0.6147,0.1814,0.585,False,0.7961,0.2039
BYBIT:HYPEUSDT.P,BYBIT,4h,2026-10-03T08:00:00+00:00,88.0,-0.0022675736961451642,-0.24794992937217186,2990458.68,0.0010434159783612174,0.1498969930549306,-0.018813784629363228,-1.4897385088141675,0.3689994255245232,False,False,7.208e-05,NEUTRAL,51.85,86.45435000000002,0.01787822128094163,False,False,False,False,False,False,True,22.4,2.8,False,False,,no price impulse; no OI impulse; first impulse; funding NEUTRAL; basis DISCOUNT,,,,,,-0.00049896,-0.08734055542994952,39.5,DISCOUNT,5.6,0.0,False,0.2234482599044054,False,23.0,False,0.01181818181818195,1.1098002129894025,False,-0.87,-0.05,21.4,0.0,False,False,0.0,0.0,0.7201,0.6265,0.1017,0.136,False,0.7282,0.2718
BYBIT:HYPEUSDT.P,BYBIT,1d,2026-10-03T00:00:00+00:00,88.0,-0.011680143755615546,-0.40088294677729885,2974041.03,-0.03192245062345289,-0.9354741470638869,-0.028484690689783432,-1.6344881955068462,0.6688078293236525,False,False,-5.515e-05,NEGATIVE,19.26,60.43629000000001,0.4560787897470211,False,False,False,False,False,False,True,20.0,25.0,False,False,,no price impulse; no OI impulse; first impulse; funding NEGATIVE; basis DISCOUNT,,,,,,-0.00049896,-0.48943217019974883,38.0,DISCOUNT,8.7,0.0,False,0.31859211628613454,False,51.0,False,0.01829545454545456,1.1055479722147594,False,0.0,-0.36,21.4,0.0,False,False,0.0,0.0,0.7201,0.6265,0.1017,0.136,False,0.7282,0.2718
BINANCE:INJUSDT.P,BINANCE,4h,2026-10-03T08:00:00+00:00,7.596,0.0031695721077653616,-0.028579509938042313,3896879.5,-0.0050063744627870665,-0.2181113285877418,0.011338842259688953,-1.5805141304311066,0.6752033054869212,False,False,0.0001,EXTREME,100.0,6.5091600000000005,0.16697085338200313,False,False,False,False,False,False,True,20.0,16.7,False,False,,no price impulse; no OI impulse; first impulse; funding EXTREME; basis DISCOUNT,,,,,,-0.00067585,-1.8455865612863955,17.5,DISCOUNT,33.6,0.0,False,0.40335537273983846,False,1.0,True,0.0308056872037914,4.0,False,-0.51,0.2,14.0,3.2,False,False,0.560636557447675,-0.05053205253818248,0.7894,0.502,0.0935,0.203,False,0.5955,0.4045
BINANCE:INJUSDT.P,BINANCE,1d,2026-10-03T00:00:00+00:00,7.596,0.020008056935678864,0.2614938755286404,3814790.2,-0.005713720349254214,-0.16854055482693925,-0.005428002467091297,-1.0134446805001802,0.9102262005779436,False,False,2.642e-05,NEUTRAL,70.66,4.81112,0.5788423485591714,False,False,False,False,False,False,True,24.2,26.8,False,False,,no price impulse; no OI impulse; first impulse; funding NEUTRAL; basis DISCOUNT,,,,,,-0.00039034,0.11112857285628082,57.5,DISCOUNT,2.0,0.0,False,0.5440936541444401,False,86.0,False,0.09992101105845186,2.0,False,0.0,1.15,10.8,0.0,False,False,0.49469260543011645,-0.03290358646390482,0.7894,0.502,0.0935,0.203,False,0.5955,0.4045
BINANCE:LINKUSD.P,BINANCE,4h,2026-10-03T08:00:00+00:00,13.976,0.0013613240667764703,-0.08550133422024195,193331.0,0.04269341746892108,0.5839147219359436,-0.19292071602711824,-1.2244482394763896,0.41282383056046834,False,False,0.0001,EXTREME,100.0,12.510129999999998,0.11717464167039049,False,False,False,False,False,True,True,29.3,15.8,False,False,,no price impulse; OI impulse; first impulse; funding EXTREME; basis DISCOUNT,,,,,,-0.00020264,0.020947546697284276,44.0,DISCOUNT,15.7,0.0,False,0.2864261473593673,False,7.000000000000001,True,0.01638523182598739,2.0,False,-0.25,0.0,11.8,0.0,False,False,0.6410550458715596,-0.0845048197744061,0.0,0.814,0.0362,8.304,True,0.8502,0.1498
BINANCE:LINKUSD.P,BINANCE,1d,2026-10-03T00:00:00+00:00,13.976,0.014370735955871794,0.2163162139792152,193331.0,-0.19292071602711824,-0.9571403336149056,-0.823064708762521,-0.847046220207851,1.6995201078434377,False,False,0.0001,EXTREME,100.0,9.525599999999999,0.4672041656168642,False,False,False,False,False,False,True,23.5,26.5,False,False,,no price impulse; no OI impulse; first impulse; funding EXTREME; basis DISCOUNT,,,,,,-0.00040312,-0.3105602188570746,34.5,DISCOUNT,2.3,0.0,False,0.5,False,84.0,False,0.0,0.0,False,0.0,0.0,11.8,0.0,False,False,0.4446518873873317,-0.06735370159957796,0.0,0.814,0.0362,8.304,True,0.8502,0.1498
BYBIT:LTCUSDT.P,BYBIT,4h,2026-10-03T08:00:00+00:00,69.16,0.0007234843003907088,-0.12803657517350076,1304940.5,0.0005660164837923976,-0.05474626461320348,0.008879003915023498,-1.0157285744267028,0.49715630727742705,False,False,2.077e-05,NEUTRAL,25.93,58.599399999999996,0.18021686228869238,False,False,False,False,False,False,True,20.0,18.0,False,False,,no price impulse; no OI impulse; first impulse; funding NEUTRAL; basis DISCOUNT,,,,,,-0.00052896,-0.7703538259438347,28.5,DISCOUNT,13.1,0.0,False,0.532024390885203,False,17.0,False,0.04713707345286311,2.0,False,-0.42,-0.35,10.9,0.0,False,False,0.0,0.0,0.7763,0.707,0.0442,0.746,False,0.7512,0.2488
BYBIT:LTCUSDT.P,BYBIT,1d,2026-10-03T00:00:00+00:00,69.16,-0.00959473005871403,-0.5308956619195762,1284136.89999999,-0.03845860380354671,-1.404239577377866,-0.042354515674702276,-0.9051852831002379,1.0438022301795096,False,False,3.808e-05,NEUTRAL,44.26,51.25910000000001,0.34922384513188853,False,False,False,False,False,False,True,20.0,25.0,False,False,,no price impulse; no OI impulse; first impulse; funding NEUTRAL; basis DISCOUNT; whale accumulation 100,,,,,,-0.00052896,-0.4131847503835105,34.5,DISCOUNT,4.7,0.0,False,0.19246366509738252,False,93.0,False,0.084008097165992,2.0,False,0.0,-0.06,39.5,20.0,False,False,0.0,0.0,0.7763,0.707,0.0442,0.746,False,0.7512,0.2488
OKX:MANAUSDT.P,OKX,4h,2026-10-03T08:00:00+00:00,0.10085,-0.042805618830675796,-1.9360237344700975,53754778.8,0.19495013838570974,5.9288466750218864,0.2378538114447124,0.6188924947159635,27.988855317852927,True,True,-0.00050282,NEGATIVE,0.74,0.08039690000000001,0.25440160006169377,False,False,False,False,False,True,False,73.7,69.0,False,False,,no price impulse; OI impulse; late impulse risk; funding NEGATIVE; data fallback via BYBIT; OI surge 3-bar 23.8%; volume surge 3-bar 28.0x; basis DISCOUNT; whale accumulation 100,,,,,,-0.00151836,-1.71551000589899,2.0,DISCOUNT,27.4,0.0,False,0.8192777811997225,False,99.0,False,0.0998512642538425,2.0,False,-0.26,0.24,31.8,20.0,False,False,0.0,0.0,0.5309,0.6947,-0.0152,0.6,False,0.6794871794871795,0.3205128205128205
OKX:MANAUSDT.P,OKX,1d,2026-10-03T00:00:00+00:00,0.10084,0.00608600219495159,0.04536363511308702,44702330.4,0.3153763939298313,8.694863805958557,0.31817610879576996,4.732922740705856,11.844328019646213,True,True,1.25e-05,NEUTRAL,27.98,0.07854105,0.28391458988643525,False,False,False,False,False,True,True,100.0,86.2,False,False,,no price impulse; OI impulse; first impulse; funding NEUTRAL; data fallback via BYBIT; OI surge 3-bar 31.8%; volume surge 3-bar 11.8x; basis DISCOUNT; whale accumulation 100,,,,,,-0.00151836,-2.7587320893625797,1.5,DISCOUNT,15.0,0.0,False,0.1601944865107658,False,99.0,False,0.0,0.0,False,0.0,-0.27,31.8,20.0,False,False,0.0,0.0,0.5309,0.6947,-0.0152,0.6,False,0.6794871794871795,0.3205128205128205
BINANCE:NEARUSD.P,BINANCE,4h,2026-10-03T08:00:00+00:00,4.694,0.004493901134175138,-0.07503876068332326,128103.0,0.2586882829771555,3.4092423354200583,-0.29930588602090547,-1.623581411336419,0.24663497750408378,False,False,0.0001,EXTREME,100.0,3.34772,0.4021483278171414,False,False,False,True,False,True,True,74.5,52.9,False,False,,no price impulse; OI impulse; first impulse; funding EXTREME; basis FLAT,,,,,,0.0,0.4147507974766136,98.0,FLAT,12.5,0.0,False,0.4937303492028055,False,47.0,False,0.029612270984235245,4.0,False,-0.21,0.0,11.8,0.0,False,False,0.398124191461837,-0.11528325253476694,0.0,0.7285,0.1026,46.137,True,0.8311,0.1689
BINANCE:NEARUSD.P,BINANCE,1d,2026-10-03T00:00:00+00:00,4.688,-0.0008525149190111714,-0.20426653471897135,128103.0,-0.29930588602090547,-2.196985868158314,-0.6895217874982731,-0.6828920550090415,3.611100408848175,False,True,0.0001,EXTREME,100.0,2.01272,1.3291863746571804,False,False,False,False,False,False,True,20.0,29.0,False,False,,no price impulse; no OI impulse; first impulse; funding EXTREME; volume surge 3-bar 3.6x; basis FLAT,,,,,,-1.55e-05,0.6865602989510345,53.0,FLAT,2.0,0.0,False,0.5,False,87.0,False,0.0,0.0,False,0.0,0.0,11.8,0.0,False,False,0.34207728525244635,-0.09589881592200528,0.0,0.7285,0.1026,46.137,True,0.8311,0.1689
BINANCE:NEOUSDT.P,BINANCE,4h,2026-10-03T08:00:00+00:00,2.503,-0.003582802547770658,-0.3392584549876473,1446868.97,-0.0032105383263536513,-0.24647525700515405,-0.017679026863690717,-1.196491989934676,0.4768957433089923,False,False,0.0001,EXTREME,100.0,2.316735,0.08039978676887949,False,False,False,False,False,False,True,20.0,8.0,False,False,,no price impulse; no OI impulse; first impulse; funding EXTREME; basis DISCOUNT,,,,,,-0.00076734,-1.4844903567592374,12.0,DISCOUNT,36.8,16.7,False,0.6827525454671876,True,12.0,True,0.05353575709149028,4.0,False,-0.36,-0.28,31.7,18.3,False,False,0.33225635440270984,-0.02182499220829888,0.6482,0.6093,0.0891,0.17,False,0.6984,0.3016
BINANCE:NEOUSDT.P,BINANCE,1d,2026-10-03T00:00:00+00:00,2.503,-0.01223362273086015,-0.47707830352238906,1433236.39,0.052803080571099725,2.1015885455632906,0.08131881392115692,-1.15977761663385,1.437056581252797,True,False,0.0001,EXTREME,100.0,2.369315,0.05642348104831996,False,False,False,False,False,True,True,53.6,20.4,False,False,,no price impulse; OI impulse; first impulse; funding EXTREME; OI surge 3-bar 8.1%; basis DISCOUNT,,,,,,-0.00085728,-1.5395240012780225,14.0,DISCOUNT,13.5,0.0,False,0.7337768655855446,False,78.0,False,0.0,0.0,False,0.0,1.79,30.6,17.2,False,False,0.5121331404629779,-0.04576828182632384,0.6482,0.6093,0.0891,0.17,False,0.6984,0.3016
BINANCE:ONDOUSDT.P,BINANCE,4h,2026-10-03T08:00:00+00:00,0.4807,0.002293577981651307,-0.06318196441004827,145589926.9,-0.0015349054505955362,-0.090700192624768,-0.003915887821182129,-0.8239301978105928,0.3304552647263971,False,False,-2.88e-05,NEGATIVE,8.52,0.413308,0.16305515499337053,False,False,False,False,False,False,True,20.0,16.3,False,False,,no price impulse; no OI impulse; first impulse; funding NEGATIVE; basis DISCOUNT,,,,,,-0.00113442,-3.713414391223662,1.0,DISCOUNT,31.0,0.0,False,0.28112247250663713,False,8.0,True,0.07218639484085698,2.0,False,-0.48,-0.11,15.0,0.0,False,False,0.5666494935068881,-0.08305664095550455,0.7712,0.6623,0.0709,0.181,False,0.7332,0.2668
BINANCE:ONDOUSDT.P,BINANCE,1d,2026-10-03T00:00:00+00:00,0.4807,-0.023959390862944074,-0.5880394092390412,145254525.2,-0.06643940308476992,-0.7387057402034745,-0.15730096476008504,-0.8459425743765735,1.2373369645219923,False,False,-9.716e-05,NEGATIVE,1.2,0.346623,0.3868093000175983,False,False,False,False,False,False,True,20.0,25.0,False,False,,no price impulse; no OI impulse; first impulse; funding NEGATIVE; basis DISCOUNT,,,,,,-0.00053309,-0.825214865332022,36.5,DISCOUNT,20.9,0.0,False,0.22476841131039135,False,93.0,False,0.0,0.0,False,0.0,-2.52,35.0,20.0,False,False,0.44798495133744054,-0.038136120379357166,0.7712,0.6623,0.0709,0.181,False,0.7332,0.2668
BYBIT:OPUSDT.P,BYBIT,4h,2026-10-03T08:00:00+00:00,0.13001,0.0017722299275695352,-0.07678038352467745,139709365.0,-0.0060200737929611,-0.4830292211053949,-0.018857052023782517,-1.8176146130337596,0.3434644270069112,False,False,0.0001,EXTREME,100.0,0.11387804999999998,0.14165987211758546,False,False,False,True,False,False,True,20.0,14.2,False,False,,no price impulse; no OI impulse; first impulse; funding EXTREME; basis DISCOUNT,,,,,,-0.00020456,0.4609958166539925,57.0,DISCOUNT,13.3,0.0,False,0.8991857833297896,False,10.0,True,0.046919467733251397,6.0,False,-0.32,0.15,25.1,0.0,False,False,0.0,0.0,0.7553,0.5344,0.2135,0.576,False,0.7479,0.2521
BYBIT:OPUSDT.P,BYBIT,1d,2026-10-03T00:00:00+00:00,0.13001,0.023378463476070532,0.4401504535101407,140710678.6,-0.05764894990319358,-1.443503368383082,-0.08375151427304028,-1.5947705220688142,0.8907063913010262,False,False,-1.81e-05,NEGATIVE,28.69,0.11029385,0.1787601937914034,False,False,False,False,False,False,True,27.0,21.0,False,False,,no price impulse; no OI impulse; first impulse; funding NEGATIVE; basis DISCOUNT; whale accumulation 100,,,,,,-0.00020456,0.5522732583980139,63.5,DISCOUNT,0.0,0.0,False,0.06681407914964249,False,91.0,False,0.0,0.0,False,0.0,-1.22,53.7,20.0,False,False,0.0,0.0,0.7553,0.5344,0.2135,0.576,False,0.7479,0.2521
OKX:PEPEUSDT.P,OKX,4h,2026-10-03T08:31:37.747664+00:00,0.0,0.0,0.0,0.0,0.0,0.0,0.0,0.0,0.0,False,False,0.0,UNKNOWN,0.0,0.0,0.0,False,False,False,False,False,False,False,0.0,0.0,False,False,,BYBIT: params error: Symbol Is Invalid; BINANCE: 400 Client Error: Bad Request for url: https://fapi.binance.com/fapi/v1/klines?symbol=PEPEUSDT&interval=4h&limit=528; BITGET: Bitget public client has no reliable historical OI endpoint in this MVP,,,,,,0.0,0.0,0.0,UNKNOWN,0.0,0.0,False,0.0,False,0.0,False,0.0,0.0,False,0.0,0.0,0.0,0.0,False,False,0.0,0.0,0.0,0.0,0.0,0.0,False,0.7493734335839599,0.2506265664160401
OKX:PEPEUSDT.P,OKX,1d,2026-10-03T08:31:39.341960+00:00,0.0,0.0,0.0,0.0,0.0,0.0,0.0,0.0,0.0,False,False,0.0,UNKNOWN,0.0,0.0,0.0,False,False,False,False,False,False,False,0.0,0.0,False,False,,BYBIT: params error: Symbol Is Invalid; BINANCE: 400 Client Error: Bad Request for url: https://fapi.binance.com/fapi/v1/klines?symbol=PEPEUSDT&interval=1d&limit=244; BITGET: Bitget public client has no reliable historical OI endpoint in this MVP,,,,,,0.0,0.0,0.0,UNKNOWN,0.0,0.0,False,0.0,False,0.0,False,0.0,0.0,False,0.0,0.0,0.0,0.0,False,False,0.0,0.0,0.0,0.0,0.0,0.0,False,0.7493734335839599,0.2506265664160401
BYBIT:POLUSDT.P,BYBIT,4h,2026-10-03T08:00:00+00:00,0.10743,-0.0025995729273048385,-0.22428768723355544,135487118.0,-0.006645171210388434,-0.4191405372151213,-0.027652656792352737,-1.3744348474356172,0.22260848520919124,False,False,5e-05,EXTREME,100.0,0.10221960000000001,0.05097261190613134,False,False,False,False,False,False,True,20.0,5.1,False,False,,no price impulse; no OI impulse; first impulse; funding EXTREME; basis DISCOUNT,,,,,,-0.00031572,0.22155960879914563,54.0,DISCOUNT,8.8,0.0,False,0.9654563075809296,False,28.999999999999996,False,0.05454714697942853,3.7427304048197407,False,-0.41,-1.63,44.4,0.0,False,False,0.0,0.0,0.6488,0.4785,0.2391,1.283,True,0.7176,0.2824
BYBIT:POLUSDT.P,BYBIT,1d,2026-10-03T00:00:00+00:00,0.10743,0.002987582858743343,-0.03946090514246384,137935188.0,-0.00936089655492478,-0.36196505508404564,-0.06423404620101592,-1.0594417482306648,0.8650917355346625,False,False,5e-05,EXTREME,100.0,0.08876824999999998,0.2102300090403948,False,False,False,False,False,False,True,20.0,21.0,False,False,,no price impulse; no OI impulse; first impulse; funding EXTREME; basis DISCOUNT,,,,,,-0.00031572,0.28428303896351903,68.5,DISCOUNT,1.8,0.0,False,0.10660603220184697,False,70.0,False,0.06487945639020753,1.0,False,0.0,0.63,49.9,3.9,False,False,0.0,0.0,0.6488,0.4785,0.2391,1.283,True,0.7176,0.2824
BYBIT:RENDERUSDT.P,BYBIT,4h,2026-10-03T08:00:00+00:00,1.932,0.0005178663904712444,-0.18385125457778034,5601047.59999999,0.01184763976665626,1.0490840499001788,0.04345548085935702,-1.284147419641012,0.5525863443943907,True,False,5e-05,EXTREME,100.0,1.617875,0.19415900486749593,False,False,False,True,False,False,True,36.8,30.8,False,False,,no price impulse; no OI impulse; first impulse; funding EXTREME; OI surge 3-bar 4.3%; basis FLAT,,,,,,0.0,0.9312221342583352,100.0,FLAT,13.1,0.0,False,0.6808649913011837,False,12.0,True,0.03933747412008293,8.0,False,-0.34,2.25,26.2,0.0,False,False,0.0,0.0,0.7786,0.6307,0.088,1.002,True,0.7187,0.2813
BYBIT:RENDERUSDT.P,BYBIT,1d,2026-10-03T00:00:00+00:00,1.932,-0.020283975659229236,-0.713962649867176,5442002.8,-0.019896098954351182,-0.7211343159342948,-0.06267605710218616,-1.4735515565348836,0.7613932187964689,False,False,5e-05,EXTREME,100.0,1.667629,0.158531064163552,False,False,False,False,False,False,True,20.0,19.9,False,False,,no price impulse; no OI impulse; first impulse; funding EXTREME; basis FLAT,,,,,,0.0,0.9675824843940204,100.0,FLAT,1.7,0.0,False,0.0,False,93.0,False,0.08281573498964812,2.0,False,0.0,-0.53,26.2,0.0,False,False,0.0,0.0,0.7786,0.6307,0.088,1.002,True,0.7187,0.2813
BINANCE:RUNEUSDT.P,BINANCE,4h,2026-10-03T08:00:00+00:00,0.7341,-0.0009526401741971613,-0.25338150889160815,7343147.0,-0.02221588103735983,-0.6567112786714939,-0.05555849227298204,-0.7699558053226837,0.3442382999581186,False,False,0.0001,EXTREME,100.0,0.577322,0.2715607581211179,False,False,False,False,False,False,True,20.0,25.0,False,False,,no price impulse; no OI impulse; first impulse; funding EXTREME; basis DISCOUNT,,,,,,-0.0005369,-1.4692183293054684,16.5,DISCOUNT,13.5,0.0,False,0.2416785383250686,False,39.0,False,0.09685328974254204,4.0,False,-0.42,-1.24,2.8,0.0,False,False,0.5221874330705449,-0.02002321385953964,0.5947,0.6177,0.0571,0.455,False,0.6748,0.3252
BINANCE:RUNEUSDT.P,BINANCE,1d,2026-10-03T00:00:00+00:00,0.7341,-0.013571620532115025,-0.5805438509445402,7578755.0,-0.10238846528929746,-1.440444913310087,-0.1654832310001455,-0.6503785987746397,1.466491655322708,False,False,6.768e-05,NEUTRAL,31.14,0.4597185,0.5968467660100691,False,False,False,False,False,False,True,20.0,25.0,False,False,,no price impulse; no OI impulse; first impulse; funding NEUTRAL; basis DISCOUNT,,,,,,-0.0005369,-0.5297520124430891,26.0,DISCOUNT,6.0,0.0,False,0.7477937444725227,False,95.0,False,0.0,0.0,False,0.0,0.26,17.8,15.0,False,False,0.4709092993812694,-0.0260255002694423,0.5947,0.6177,0.0571,0.455,False,0.6748,0.3252
BYBIT:SANDUSDT.P,BYBIT,4h,2026-10-03T08:00:00+00:00,0.0732,-0.05791505791505791,-1.4359013877812241,233583869.0,0.04503483286607213,0.3155564508835688,0.26066894666690676,0.4351871936279989,51.270693554501925,True,True,8.55e-06,NEUTRAL,55.56,0.04081895,0.7932847366235536,False,False,False,False,False,True,False,0.0,28.9,False,False,,no price impulse; OI impulse; late impulse risk; funding NEUTRAL; OI surge 3-bar 26.1%; volume surge 3-bar 51.3x; basis DISCOUNT; whale accumulation 100,,,,,,-0.00081758,0.01793964523413796,31.0,DISCOUNT,2.0,0.0,False,0.35184392204042964,False,100.0,False,0.0,0.0,False,-0.23,0.52,42.2,20.0,False,False,0.0,0.0,0.5247,0.4617,0.0213,0.276,False,0.483,0.517
BYBIT:SANDUSDT.P,BYBIT,1d,2026-10-03T00:00:00+00:00,0.07343,0.06776210556928897,0.9918331656759112,212919595.0,1.4711107431801937,20.860339218533937,1.8450688057120836,6.306681933319052,33.10555660979101,True,True,-0.00164785,NEGATIVE,2.5,0.05703525,0.2874494282044875,True,True,False,False,False,True,False,100.0,93.9,False,False,,no price impulse; OI impulse; late impulse risk; funding NEGATIVE; breakout 20; OI surge 3-bar 184.5%; volume surge 3-bar 33.1x; basis DISCOUNT; whale accumulation 100,,,,,,-0.00081758,-0.2810758240528448,25.0,DISCOUNT,17.3,0.0,False,0.053593981223190174,False,100.0,False,0.0,0.0,False,0.0,0.71,42.2,20.0,False,False,0.0,0.0,0.5247,0.4617,0.0213,0.276,False,0.483,0.517
BINANCE:SOLUSD.P,BINANCE,4h,2026-10-03T08:00:00+00:00,119.08,-0.0015093073956062852,-0.2850708190346364,1457457.0,0.007705109474920091,0.23914765012813163,-0.4912898930368359,-1.5116047750267434,0.19349713278733516,False,False,6.139e-05,NEUTRAL,50.74,108.77195,0.09476753887376299,False,False,False,False,False,True,True,23.8,11.2,False,False,,no price impulse; OI impulse; first impulse; funding NEUTRAL; basis DISCOUNT,,,,,,-0.00046656,-0.3356952002283896,42.0,DISCOUNT,15.7,0.0,False,0.694742928477587,False,13.0,True,0.020742358078602585,4.0,False,-0.24,0.0,0.0,0.0,False,False,0.3530679748764262,-0.08591508198474956,0.0,0.8008,0.0327,0.399,False,0.8335,0.1658
BINANCE:SOLUSD.P,BINANCE,1d,2026-10-03T00:00:00+00:00,119.08,0.004724940938238387,-0.04326068532787888,1457457.0,-0.4912898930368359,-2.6941655295043714,-0.8693939449336081,-1.3995259139927598,0.9361080786923774,False,False,0.0001,EXTREME,100.0,85.74660000000002,0.3887431105140027,False,False,False,False,False,False,True,20.0,25.0,False,False,,no price impulse; no OI impulse; first impulse; funding EXTREME; basis DISCOUNT,,,,,,-0.00045019,-0.24142135756717123,55.5,DISCOUNT,6.5,0.0,False,0.5,False,75.0,False,0.007473967080954047,1.0,False,0.0,0.0,0.0,0.0,False,False,0.48601744215978004,-0.06893559951031299,0.0,0.8008,0.0327,0.399,False,0.8335,0.1658
BYBIT:SUIUSDT.P,BYBIT,4h,2026-10-03T08:00:00+00:00,1.1563,0.0017326518236160382,-0.1411027039700112,85135870.0,-0.007250663410048319,-0.4262292033312929,-0.024270751985190797,-1.690022813078365,0.3884653846808107,False,False,0.0001,EXTREME,100.0,0.893181,0.2945864276109771,False,False,False,False,False,False,True,20.0,25.0,False,False,,no price impulse; no OI impulse; first impulse; funding EXTREME; basis DISCOUNT,,,,,,-0.00050398,-0.7355623780284282,24.5,DISCOUNT,21.9,0.0,False,0.3697930770956032,True,3.0,True,0.027760961688143126,1.7528342636305942,False,-0.47,-0.63,26.0,10.2,False,False,0.0,0.0,0.6735,0.6925,0.0582,0.919,False,0.7507,0.2493
BYBIT:SUIUSDT.P,BYBIT,1d,2026-10-03T00:00:00+00:00,1.1564,0.009691783812101784,0.08521949217936052,87245480.0,0.03803213652239679,1.1259205619962551,0.07696894008792232,-1.0289946346042433,1.0657033222990968,True,False,3.33e-06,NEUTRAL,20.9,0.8501555000000001,0.3602217476685148,False,False,False,False,False,False,True,39.4,33.5,False,False,,no price impulse; no OI impulse; first impulse; funding NEUTRAL; OI surge 3-bar 7.7%; basis DISCOUNT,,,,,,-0.00050398,-0.5124724567332304,35.0,DISCOUNT,3.9,0.0,False,0.2607923600570266,False,94.0,False,0.0,0.0,False,0.0,-1.56,11.4,0.0,False,False,0.0,0.0,0.6735,0.6925,0.0582,0.919,False,0.7507,0.2493
BINANCE:TAOUSDT.P,BINANCE,4h,2026-10-03T08:00:00+00:00,288.94,-0.000242206152036184,-0.15147927934751992,269909.763,0.005542473317233787,0.29318367247404936,0.014061145517477502,-1.8347211230516387,0.35722278915027783,False,False,3.667e-05,NEUTRAL,25.56,263.4601,0.09671255723352412,False,False,False,False,False,False,True,24.7,11.7,False,False,,no price impulse; no OI impulse; first impulse; funding NEUTRAL; basis DISCOUNT,,,,,,-0.00039865,-0.77044399187384,31.0,DISCOUNT,11.1,0.0,False,0.2458761136045353,False,16.0,False,0.05357513670658265,1.4314641260308882,False,-0.48,0.07,6.0,0.0,False,False,0.5747431164140192,-0.04701154130478857,0.7425,0.5894,0.074,0.215,False,0.6634,0.3366
BINANCE:TAOUSDT.P,BINANCE,1d,2026-10-03T00:00:00+00:00,288.94,-0.010242181344843004,-0.3343921847042584,270502.245,0.03161092794501541,0.9186847786354998,0.032559337476644634,-1.2441879992763223,1.2459158157285575,False,False,-7.944e-05,NEGATIVE,2.41,246.5648,0.17186232584699845,False,False,False,False,False,False,True,34.7,23.6,False,False,,no price impulse; no OI impulse; first impulse; funding NEGATIVE; basis DISCOUNT,,,,,,-0.00039865,-0.3384511447611618,43.5,DISCOUNT,18.9,0.0,False,0.8568606688606643,False,92.0,False,0.0,0.0,False,0.0,1.59,6.1,0.1,False,False,0.5030643251791235,-0.04263686798464365,0.7425,0.5894,0.074,0.215,False,0.6634,0.3366
BYBIT:THETAUSDT.P,BYBIT,4h,2026-10-03T08:00:00+00:00,0.2264,-0.00044150110375285045,-0.15686810282589972,13223445.0,-0.012056937614051688,-0.6299691076590629,0.010425053321185151,-1.2240863613925308,0.6313224974211464,False,False,0.0001,EXTREME,100.0,0.20044450000000003,0.12948970912147728,False,False,False,False,False,False,True,20.0,16.9,False,False,,no price impulse; no OI impulse; first impulse; funding EXTREME; basis FLAT,,,,,,0.0,0.39802755512130356,100.0,FLAT,10.6,0.0,False,0.7980213387843165,False,14.000000000000002,True,0.04726148409894004,6.0,False,-0.3,-1.16,20.2,0.0,False,False,0.0,0.0,0.6687,0.6049,0.0055,0.512,False,0.6104,0.3896
BYBIT:THETAUSDT.P,BYBIT,1d,2026-10-03T00:00:00+00:00,0.2264,0.015702108568864892,0.2585993124741786,13162196.4,0.011827971024914286,0.07005516557765981,-0.014009072479394757,-0.7120972800333365,0.7779968069429631,False,False,0.0001,EXTREME,100.0,0.17272054999999997,0.3107878593485258,False,False,False,False,False,False,True,25.3,31.3,False,False,,no price impulse; no OI impulse; first impulse; funding EXTREME; basis FLAT; whale accumulation 100,,,,,,0.0,0.3564873974464642,99.5,FLAT,0.0,0.0,False,0.43995069613416393,False,64.0,False,0.0,0.0,False,0.0,1.12,48.8,20.0,False,False,0.0,0.0,0.6687,0.6049,0.0055,0.512,False,0.6104,0.3896
BYBIT:TIAUSDT.P,BYBIT,4h,2026-10-03T08:00:00+00:00,0.444,0.0,-0.13138432765768585,24908500.0,-0.015304169986113836,-0.482206192529144,-0.01750758993481738,-1.1886247691092464,0.6224166238902432,False,False,5e-05,EXTREME,100.0,0.40697050000000007,0.09098816744702609,False,False,False,False,False,False,True,20.0,9.1,False,False,,no price impulse; no OI impulse; first impulse; funding EXTREME; basis DISCOUNT,,,,,,-0.00047573,-0.6070942787027855,31.5,DISCOUNT,13.9,0.0,False,0.3186770118790611,False,21.0,False,0.03716216216216228,3.9622321697412586,False,-0.33,-0.82,20.2,7.5,False,False,0.0,0.0,0.8028,0.591,0.1382,0.594,False,0.7292,0.2708
BYBIT:TIAUSDT.P,BYBIT,1d,2026-10-03T00:00:00+00:00,0.4441,-0.005375139977603638,-0.1647271093075865,24653512.4,-0.026649570040573556,-0.5696197117291295,0.026929528947513992,-1.4372402624574983,1.3402529857764403,False,False,-1.292e-05,NEGATIVE,26.61,0.36697899999999994,0.21015098956616063,False,False,False,False,False,False,True,20.0,21.0,False,False,,no price impulse; no OI impulse; first impulse; funding NEGATIVE; basis DISCOUNT; whale accumulation 100,,,,,,-0.00047573,-0.18378523195575472,42.0,DISCOUNT,8.2,0.0,False,0.6938188571470688,False,91.0,False,0.08061247466786758,2.0,False,0.0,2.45,38.0,20.0,False,False,0.0,0.0,0.8028,0.591,0.1382,0.594,False,0.7292,0.2708
BYBIT:TONUSDT.P,BYBIT,4h,2026-10-03T08:32:27.526708+00:00,0.0,0.0,0.0,0.0,0.0,0.0,0.0,0.0,0.0,False,False,0.0,UNKNOWN,0.0,0.0,0.0,False,False,False,False,False,False,False,0.0,0.0,False,False,,"float() argument must be a string or a real number, not 'NAType'",,,,,,0.0,0.0,0.0,UNKNOWN,0.0,0.0,False,0.0,False,0.0,False,0.0,0.0,False,0.0,0.0,0.0,0.0,False,False,0.0,0.0,0.0,0.0,0.0,0.0,False,0.0,0.0
BYBIT:TONUSDT.P,BYBIT,1d,2026-10-03T08:32:29.553991+00:00,0.0,0.0,0.0,0.0,0.0,0.0,0.0,0.0,0.0,False,False,0.0,UNKNOWN,0.0,0.0,0.0,False,False,False,False,False,False,False,0.0,0.0,False,False,,"float() argument must be a string or a real number, not 'NAType'",,,,,,0.0,0.0,0.0,UNKNOWN,0.0,0.0,False,0.0,False,0.0,False,0.0,0.0,False,0.0,0.0,0.0,0.0,False,False,0.0,0.0,0.0,0.0,0.0,0.0,False,0.0,0.0
CRYPTOCAP:TOTAL3,CRYPTOCAP,4h,2026-10-03T08:32:29.554129+00:00,0.0,0.0,0.0,0.0,0.0,0.0,0.0,0.0,0.0,False,False,0.0,UNKNOWN,0.0,0.0,0.0,False,False,False,False,False,False,False,0.0,0.0,False,False,,unsupported symbol or exchange,,,,,,0.0,0.0,0.0,UNKNOWN,0.0,0.0,False,0.0,False,0.0,False,0.0,0.0,False,0.0,0.0,0.0,0.0,False,False,0.0,0.0,0.0,0.0,0.0,0.0,False,0.0,0.0
CRYPTOCAP:TOTAL3,CRYPTOCAP,1d,2026-10-03T08:32:29.554158+00:00,0.0,0.0,0.0,0.0,0.0,0.0,0.0,0.0,0.0,False,False,0.0,UNKNOWN,0.0,0.0,0.0,False,False,False,False,False,False,False,0.0,0.0,False,False,,unsupported symbol or exchange,,,,,,0.0,0.0,0.0,UNKNOWN,0.0,0.0,False,0.0,False,0.0,False,0.0,0.0,False,0.0,0.0,0.0,0.0,False,False,0.0,0.0,0.0,0.0,0.0,0.0,False,0.0,0.0
BYBIT:UNIUSDT.P,BYBIT,4h,2026-10-03T08:00:00+00:00,9.283,0.017092144187575098,0.4629483309388695,9775904.8,-0.001042651449095433,-0.086245359692312,0.021405710551469337,-1.1312834483473035,0.5324608175494784,False,False,0.0001,EXTREME,100.0,7.649449999999999,0.2135513010739336,False,False,False,True,False,False,True,27.4,28.6,False,False,,no price impulse; no OI impulse; first impulse; funding EXTREME; basis FLAT,,,,,,-7.61e-05,1.2110134069352982,87.5,FLAT,14.4,0.0,False,0.6776739280789289,False,11.0,True,0.002693094904664406,2.0,False,-0.43,1.01,34.0,0.0,False,False,0.0,0.0,0.7869,0.5869,0.045,1.159,True,0.6319,0.3681
BYBIT:UNIUSDT.P,BYBIT,1d,2026-10-03T00:00:00+00:00,9.289,0.038225103386610115,0.49792097374519456,9478843.19999999,-0.00501030055484164,-0.2241987271931862,-0.0395262900563883,-1.271703297282366,0.7224489570699066,False,False,0.0001,EXTREME,100.0,4.144915,1.2410592255812243,False,False,False,True,False,False,True,28.0,32.5,False,False,,no price impulse; no OI impulse; first impulse; funding EXTREME; basis FLAT,,,,,,-7.61e-05,1.4147185232680373,92.5,FLAT,2.2,0.0,False,0.20847025419692056,False,64.0,False,0.0971041016255787,1.2524493706151834,False,0.0,0.3,35.8,1.3,False,False,0.0,0.0,0.7869,0.5869,0.045,1.159,True,0.6319,0.3681
BINANCE:VIRTUALUSDT.P,BINANCE,4h,2026-10-03T08:00:00+00:00,0.7606,0.0027686222808176453,-0.009727497536835732,21473105.8,0.011251000850053261,0.5324529566477706,0.01937723900920285,-1.7851748406989152,0.3577819598553952,False,False,3.814e-05,NEUTRAL,32.59,0.701154,0.08478308616937213,False,False,False,True,False,False,True,28.5,16.2,False,False,,no price impulse; no OI impulse; first impulse; funding NEUTRAL; basis FLAT,,,,,,0.0,0.7683918048695376,99.5,FLAT,5.9,0.0,False,0.5669611517441094,False,41.0,False,0.051932684722587386,1.6000477117753522,False,-0.54,-0.4,10.4,0.0,False,False,0.5046087887566446,-0.03852871866663789,0.7006,0.506,0.0912,0.218,False,0.5972,0.4028
BINANCE:VIRTUALUSDT.P,BINANCE,1d,2026-10-03T00:00:00+00:00,0.7606,0.001316482359136284,-0.06363313813419318,21470264.1,0.026518681881886552,0.6792473161399915,0.023908410816740666,-1.2291831407554865,0.9432431333395987,False,False,-6.182e-05,NEGATIVE,14.46,0.661853,0.14919778258918526,False,False,False,False,False,False,True,30.9,23.7,False,False,,no price impulse; no OI impulse; first impulse; funding NEGATIVE; basis FLAT,,,,,,0.0,1.317116815427694,99.5,FLAT,13.3,0.0,False,0.4084102589625294,False,85.0,False,0.0,0.0,False,0.0,0.56,10.4,0.0,False,False,0.4868289231239471,-0.038397611914798506,0.7006,0.506,0.0912,0.218,False,0.5972,0.4028
BINANCE:XLMUSDT.P,BINANCE,4h,2026-10-03T08:00:00+00:00,0.21392,0.0010294805802526508,-0.067163651598352,238729781.0,-0.008811698243175403,-0.4742139781065048,0.00023203577761177208,-1.427887338166552,0.3387799357403357,False,False,0.0001,EXTREME,99.26,0.19620295,0.09029961068373349,False,False,False,False,False,False,True,20.0,9.0,False,False,,no price impulse; no OI impulse; first impulse; funding EXTREME; basis DISCOUNT,,,,,,-0.00030061,-0.6655063661681125,37.5,DISCOUNT,15.3,0.0,False,0.3829980936420484,False,21.0,False,0.033704188481675335,2.5073230473913934,False,-0.4,1.57,4.4,0.0,False,False,0.2938703122939332,-0.04467966440237396,0.6461,0.5545,0.066,0.248,False,0.6205,0.3795
BINANCE:XLMUSDT.P,BINANCE,1d,2026-10-03T00:00:00+00:00,0.21392,-0.0065942230890684295,-0.2474739158160531,239556028.0,-0.04443663888999705,-0.9687508804357541,-0.08471581578684162,-1.220791486807049,1.0964442650677515,False,False,0.0001,EXTREME,100.0,0.18028434999999998,0.18656999345755754,False,False,False,False,False,False,True,20.0,22.7,False,False,,no price impulse; no OI impulse; first impulse; funding EXTREME; basis FLAT,,,,,,0.0,0.9660955317414801,96.0,FLAT,4.9,0.0,False,0.5025169473571081,False,68.0,False,0.04207180254300669,1.0,False,0.0,0.04,24.4,20.0,False,False,0.47393711494527757,-0.031878762156924784,0.6461,0.5545,0.066,0.248,False,0.6205,0.3795
BYBIT:XRPUSDT.P,BYBIT,4h,2026-10-03T08:00:00+00:00,1.4811,0.0,-0.12018684260313954,227584847.0,-0.006855759790138971,-0.4316037688711553,-0.000220750668635028,-1.6003726555642304,0.21723745166328015,False,False,-2.471e-05,NEGATIVE,9.26,1.4298229999999998,0.03586248088050081,False,False,False,False,False,False,True,20.0,3.6,False,False,,no price impulse; no OI impulse; first impulse; funding NEGATIVE; basis DISCOUNT,,,,,,-0.00063339,-1.3740880317690098,8.5,DISCOUNT,25.2,0.0,False,0.5491991080627165,False,17.0,False,0.05428397812436714,8.0,False,-0.59,-0.53,20.7,9.7,False,False,0.0,0.0,0.6614,0.7286,0.0521,0.468,False,0.7807,0.2193
BYBIT:XRPUSDT.P,BYBIT,1d,2026-10-03T00:00:00+00:00,1.4811,-0.001819652244237746,-0.1632048697083101,230642564.6,0.09616463786230378,2.3824351477014023,0.06235852494522409,-1.1442999455056666,1.0096695615767513,True,False,-8.766e-05,NEGATIVE,7.38,1.27911,0.15791448741703218,False,False,False,False,False,True,True,58.1,32.5,False,False,,no price impulse; OI impulse; first impulse; funding NEGATIVE; OI surge 3-bar 6.2%; basis DISCOUNT; whale accumulation 100,,,,,,-0.00063339,-0.9873202256413461,11.0,DISCOUNT,30.9,0.0,False,0.6547506698338447,False,74.0,False,0.006684221186955552,4.0,False,0.0,-0.95,35.5,20.0,False,False,0.0,0.0,0.6614,0.7286,0.0521,0.468,False,0.7807,0.2193
BYBIT:ZECUSDT.P,BYBIT,4h,2026-10-03T08:00:00+00:00,1315.58,0.001766596104350926,0.03417931895162532,155498.64,-0.01084725204284076,-0.3304382568186835,-0.00720272740076755,-1.6773257154578436,0.20824629873632078,False,False,0.0001,NEUTRAL,94.07,1277.2403,0.030017609059156625,False,False,False,True,False,False,True,20.5,7.2,False,False,,no price impulse; no OI impulse; first impulse; funding NEUTRAL; basis FLAT,,,,,,6.289e-05,1.3423472960964464,98.0,FLAT,4.6,0.0,False,0.26460500541601045,False,62.0,False,0.07369373204214114,2.0,False,-0.44,-1.09,31.3,0.0,False,False,0.0,0.0,0.6088,0.4536,0.1247,0.486,False,0.5783,0.4217
BYBIT:ZECUSDT.P,BYBIT,1d,2026-10-03T00:00:00+00:00,1315.58,0.010965872851203873,-0.03788149833129705,156845.17,-0.0636079065568329,-0.8914316852599987,-0.06343222264976645,-1.5337922871728134,0.9227982159120282,False,False,0.0001,EXTREME,98.36,602.83255,1.1823307318093557,False,False,False,False,False,False,True,20.0,29.0,False,False,,no price impulse; no OI impulse; first impulse; funding EXTREME; basis FLAT,,,,,,6.289e-05,1.043776160298928,95.0,FLAT,0.0,0.0,False,0.21153768926898914,False,51.0,False,0.0,0.0,False,0.0,0.36,31.3,0.0,False,False,0.0,0.0,0.6088,0.4536,0.1247,0.486,False,0.5783,0.4217
